word,count
mob,713
negro,627
men,441
jail,439
county,382
night,302
one,273
taken,241
morning,233
body,232
man,228
said,226
two,202
last,187
house,184
found,183
shot,178
near,178
lynching,177
clock,168
went,168
made,161
took,157
crime,156
would,151
jailer,149
death,148
hanged,146
time,143
home,140
town,135
lynched,133
sheriff,131
came,130
officers,124
three,123
several,122
white,122
door,120
tree,120
city,119
upon,118
sic,118
people,117
prisoner,116
miles,113
little,111
judge,108
place,106
jury,105
girl,103
west,103
court,101
kentucky,101
hanging,97
killed,95
arrested,95
away,94
years,94
john,93
rope,91
citizens,90
brought,89
left,89
could,88
murder,88
charged,86
ago,86
young,85
colored,85
negroes,84
special,82
fired,81
told,80
known,80
work,79
held,78
woman,78
miss,77
another,77
crowd,76
placed,74
back,74
returned,74
hands,74
called,73
trial,72
keys,71
yesterday,71
dead,71
masked,71
cut,70
james,70
armed,69
coroner,69
way,68
first,68
law,68
day,68
old,68
street,67
take,67
soon,67
committed,66
victim,66
members,66
heard,65
governor,64
assault,63
scene,63
neck,63
today,63
road,63
saturday,62
arrest,62
started,61
around,61
without,61
bridge,60
get,60
attempted,60
four,60
many,59
hill,59
wife,58
coleman,58
woods,58
shooting,57
case,56
guards,55
nothing,55
frankfort,55
louisville,55
life,54
sunday,54
shots,53
since,53
cell,53
party,53
dever,53
persons,52
excitement,52
state,52
green,52
monday,51
hundred,51
police,51
later,51
charge,50
unknown,50
feet,50
posse,50
head,50
mcdowell,50
also,49
killing,49
early,48
named,48
william,48
good,48
says,48
deputy,47
began,47
midnight,47
guard,47
fire,47
thought,47
hung,47
tuesday,46
afternoon,46
asked,46
grand,46
may,45
say,45
quietly,45
dragged,45
george,45
large,45
bullets,44
put,44
weeks,44
much,44
train,43
well,43
pistol,43
story,43
following,43
arrived,42
every,42
number,42
quiet,42
half,42
mile,42
verdict,42
attempt,42
morton,42
trouble,41
five,41
gave,41
met,40
seen,40
tom,40
followed,40
week,40
wounded,40
news,39
come,39
entered,39
reached,39
part,39
limb,39
given,39
stone,39
short,38
leader,38
affair,38
knew,38
burned,38
race,38
neighborhood,38
next,38
attorney,37
make,37
robert,37
murdered,37
got,37
almost,37
country,37
reported,37
murderer,37
tried,37
ran,37
july,36
marshal,36
forced,36
scott,36
even,36
still,36
farm,36
officer,36
guilty,35
among,35
inquest,35
hand,35
never,35
immediately,35
saw,35
escape,35
chief,35
henderson,35
give,35
river,35
coffey,35
ever,34
boy,34
evidence,34
accused,34
set,34
going,34
others,34
berry,34
captured,33
wednesday,33
brother,33
evening,33
demanded,33
overpowered,33
creek,33
family,33
haggard,33
became,32
done,32
finally,32
occurred,32
wanted,32
pike,32
however,32
person,32
sent,32
barn,32
refused,32
community,32
griffey,32
colston,32
assaulted,31
thursday,31
railroad,31
small,31
tragedy,31
turned,31
appeared,31
hours,31
days,31
carried,31
williams,31
child,31
bowling,31
broke,30
farmer,30
seized,30
friday,30
band,30
know,30
outrage,30
gun,30
long,30
march,30
smith,30
quickly,29
go,29
composed,29
brown,29
lynch,29
school,29
parties,29
find,29
six,29
office,29
anything,29
ten,29
caught,29
search,29
matter,29
circuit,29
empire,29
rockfield,29
hopkinsville,29
hour,28
mitchell,28
removed,28
father,28
hang,28
fifty,28
powell,28
great,28
lives,28
prominent,28
received,28
ground,28
times,28
distance,28
section,28
miller,28
stivers,28
minutes,27
front,27
fell,27
identified,27
taking,27
lexington,27
point,27
tied,27
jim,27
prisoners,27
believed,27
action,27
daughter,27
husband,27
june,27
term,27
princeton,27
union,27
childers,27
criminal,26
public,26
fact,26
shelbyville,26
children,26
feeling,26
ordered,26
effect,26
shortly,26
confessed,26
merrick,26
determined,25
doors,25
room,25
yard,25
thomas,25
authorities,25
strong,25
hurried,25
end,25
dispersed,25
toward,25
johnson,25
died,25
south,25
cabin,25
fled,25
aroused,25
condition,25
seven,25
russellville,25
potts,25
dixon,25
baker,25
rhodes,25
rape,24
side,24
struck,24
opened,24
full,24
yards,24
riddled,24
lady,24
open,24
purpose,24
georgetown,24
women,24
coming,24
caused,24
informed,24
lived,24
face,24
visited,24
sanders,24
kill,24
bob,24
willis,24
dooley,24
mayfield,24
winchester,24
russell,24
richard,23
friends,23
black,23
fields,23
kept,23
justice,23
versailles,23
result,23
months,23
christian,23
maxey,23
vicinity,23
lynchers,23
rich,23
goode,23
butcher,23
providence,23
see,22
leaders,22
bad,22
penalty,22
must,22
witness,22
course,22
spot,22
franklin,22
us,22
horse,22
probably,22
led,22
leave,22
examining,22
alleged,22
safe,22
living,22
nashville,22
livermore,22
adairville,22
scroggins,22
violence,21
courthouse,21
statement,21
guilt,21
investigation,21
secured,21
seems,21
leading,21
direction,21
hearing,21
believe,21
follows,21
blood,21
eight,21
revolver,21
word,21
brute,21
rode,21
edger,21
learned,21
hickman,21
gardner,21
april,21
mines,21
late,20
threats,20
far,20
run,20
force,20
stopped,20
second,20
supposed,20
bullet,20
across,20
nearly,20
failed,20
general,20
streets,20
buggy,20
escaped,20
returning,20
vengeance,20
punishment,20
indicted,20
order,20
shoot,20
reward,20
request,20
paducah,20
assaulting,20
miners,20
deveres,20
expected,19
twenty,19
possible,19
surrounded,19
noon,19
leaving,19
getting,19
fair,19
making,19
outside,19
year,19
within,19
bed,19
threatened,19
though,19
none,19
arms,19
prevent,19
might,19
least,19
hold,19
less,19
clay,19
facts,19
released,19
telephone,19
return,19
sam,19
yet,19
horrible,19
maysville,19
seriously,19
serious,19
j,19
son,19
riders,19
monticello,19
manchester,19
rushed,18
formed,18
power,18
begged,18
awful,18
behind,18
thrown,18
patterson,18
officials,18
present,18
finding,18
offered,18
new,18
deed,18
line,18
commonwealth,18
fatally,18
store,18
charles,18
slaying,18
neal,18
skaggs,18
ambush,18
brutal,17
station,17
main,17
execution,17
stand,17
suspended,17
strung,17
company,17
continued,17
unable,17
report,17
standing,17
daylight,17
duty,17
lebanon,17
neighbors,17
alarm,17
moment,17
along,17
outraged,17
tell,17
frank,17
looked,17
paid,17
dozen,17
pool,17
stated,17
trying,17
moved,17
better,17
bowers,17
horses,17
mackey,17
fulton,17
allen,17
jake,17
attack,16
fully,16
whole,16
fight,16
square,16
connection,16
investigate,16
boys,16
iron,16
gone,16
dudley,16
business,16
instantly,16
talk,16
pulled,16
forty,16
according,16
awakened,16
attention,16
whose,16
terrible,16
whether,16
surrender,16
reputation,16
names,16
lashbrooke,16
covington,16
fear,16
show,16
innocence,16
pursuit,16
anderson,16
illegible,16
p,16
age,16
residence,15
stood,15
entire,15
confined,15
swung,15
identity,15
resistance,15
hundreds,15
clothing,15
wounds,15
used,15
employed,15
details,15
frightened,15
injured,15
right,15
press,15
crimes,15
bound,15
searched,15
past,15
notified,15
high,15
close,15
able,15
car,15
covered,15
claimed,15
although,15
evidently,15
burning,15
witnesses,15
building,15
field,15
trail,15
fatal,15
wilson,15
mercy,15
jones,15
tonight,15
note,15
brothers,15
trigg,15
thacker,15
traughber,15
mayo,15
organized,14
resist,14
innocent,14
seemed,14
guns,14
pistols,14
assailant,14
account,14
difficulty,14
carter,14
desperate,14
indignation,14
walked,14
bodies,14
mounted,14
homes,14
everything,14
passed,14
meeting,14
happened,14
best,14
want,14
indictment,14
burn,14
satterwhite,14
taylor,14
central,14
coal,14
southern,14
always,14
ready,14
masks,14
member,14
article,14
mountains,14
kirby,14
lying,14
name,14
insulting,14
henry,14
letter,14
springfield,14
joe,14
bill,14
adair,14
sarver,14
muhlenberg,14
elkin,14
voice,13
answered,13
manner,13
commit,13
act,13
replied,13
attempts,13
north,13
live,13
helpless,13
opinion,13
summoned,13
let,13
help,13
troops,13
riot,13
drew,13
crowds,13
felt,13
citizen,13
ford,13
wore,13
together,13
midway,13
dispatch,13
wound,13
dropped,13
keeping,13
broken,13
money,13
drove,13
lodged,13
suspicion,13
proceeded,13
grabbed,13
pursued,13
hospital,13
warning,13
thirty,13
attempting,13
hammond,13
clark,13
traveling,13
promptly,13
lafayette,13
clifford,13
attacked,12
fiend,12
arm,12
answer,12
deputies,12
like,12
struggle,12
gentlemen,12
break,12
effort,12
sentence,12
depot,12
quick,12
inside,12
big,12
thinking,12
discovered,12
reports,12
useless,12
flames,12
enough,12
stop,12
saying,12
marshall,12
searching,12
gathered,12
jailor,12
compelled,12
fifteen,12
fate,12
grounds,12
custody,12
cries,12
efforts,12
carrying,12
conviction,12
information,12
recently,12
war,12
edwin,12
feared,12
counties,12
richardson,12
jackson,12
wounding,12
possum,12
campbell,11
approached,11
positively,11
aged,11
hardin,11
session,11
friend,11
generally,11
murderers,11
bring,11
prepared,11
meet,11
noise,11
think,11
cincinnati,11
cross,11
suffered,11
title,11
giving,11
revolvers,11
horseback,11
threw,11
knocked,11
declared,11
gov,11
neighbor,11
examination,11
concerning,11
hunt,11
form,11
dark,11
cause,11
discharged,11
intense,11
protect,11
seat,11
hunters,11
mason,11
local,11
east,11
stepped,11
remained,11
announced,11
fearing,11
lewis,11
resulted,11
enraged,11
working,11
succeeded,11
chase,11
jack,11
february,11
dempsey,11
price,11
indictments,11
tennessee,11
weaver,11
madisonville,11
thicket,11
brinkley,11
volley,10
rumors,10
orderly,10
marched,10
decided,10
wild,10
view,10
firing,10
shotgun,10
confession,10
record,10
bank,10
prison,10
allowed,10
establishment,10
expressed,10
resolution,10
remarked,10
hart,10
except,10
clothes,10
church,10
immediate,10
outrages,10
rear,10
looking,10
thing,10
bridges,10
ask,10
lawlessness,10
concealed,10
filled,10
fence,10
poor,10
instead,10
dangling,10
indicated,10
apparently,10
save,10
call,10
wright,10
torn,10
permitted,10
engaged,10
executed,10
swift,10
words,10
swinging,10
raised,10
light,10
married,10
true,10
woodford,10
remains,10
arrival,10
relatives,10
pole,10
certain,10
peace,10
deaf,10
offer,10
leg,10
forming,10
automobiles,10
bond,10
fleming,10
eighteen,10
doubt,10
telling,10
joseph,10
offense,10
suspected,10
correspondent,10
bloodhounds,10
potter,10
bail,10
beard,10
crawford,10
twice,10
richards,10
madison,10
goldsworthy,10
strikers,10
proctor,10
resisted,9
throughout,9
noose,9
presence,9
created,9
deal,9
takes,9
girls,9
served,9
awaiting,9
remain,9
hangman,9
september,9
keep,9
greatest,9
necessary,9
whites,9
rush,9
window,9
meantime,9
corner,9
lights,9
shoulder,9
reporter,9
recent,9
issued,9
third,9
requested,9
climbed,9
pushed,9
something,9
associated,9
already,9
corpse,9
job,9
heavy,9
follow,9
washington,9
captors,9
badly,9
safekeeping,9
village,9
constable,9
parents,9
worked,9
circumstances,9
history,9
brush,9
thousands,9
sight,9
detective,9
rapidly,9
greatly,9
someone,9
evil,9
legal,9
aid,9
kind,9
attracted,9
medical,9
begun,9
hard,9
prove,9
distillery,9
morrow,9
learn,9
petitioner,9
severe,9
stable,9
dwyer,9
warned,9
presented,9
disguised,9
buckner,9
unlock,9
screams,9
thence,9
alone,9
nine,9
revenge,9
western,9
cadiz,9
marion,9
tracks,9
wrote,9
normandy,9
penitentiary,9
elmer,9
dec,9
chambers,9
springs,9
leaves,9
assassination,9
transcription,9
ardell,9
owensboro,8
tyler,8
carlisle,8
steps,8
liberty,8
jessamine,8
ravisher,8
nicholasville,8
repeated,8
foot,8
strangled,8
buckles,8
proved,8
paris,8
reply,8
viewed,8
recognize,8
indignant,8
pending,8
retired,8
afterward,8
latter,8
affairs,8
extent,8
property,8
quarters,8
tobacco,8
rifles,8
twelve,8
outbreak,8
passing,8
states,8
pleaded,8
hughes,8
spoke,8
witnessed,8
often,8
gang,8
ohio,8
stake,8
hornback,8
thompson,8
running,8
knowing,8
mobbed,8
use,8
driven,8
eyes,8
mouth,8
alive,8
loud,8
knocking,8
policeman,8
protection,8
perhaps,8
burial,8
pay,8
shannon,8
mutilated,8
reason,8
funeral,8
belief,8
die,8
wagon,8
willing,8
growing,8
enacted,8
prevented,8
pile,8
sound,8
become,8
farmers,8
appeal,8
sprang,8
bear,8
safety,8
recognized,8
likely,8
proper,8
defense,8
lay,8
fastened,8
asleep,8
former,8
ben,8
rodgers,8
waiting,8
service,8
sum,8
world,8
sought,8
writing,8
prayer,8
buried,8
walker,8
national,8
portion,8
stealing,8
walter,8
located,8
warrants,8
procession,8
accomplishing,8
militia,8
proceedings,8
commercial,8
mt,8
hicks,8
trials,8
caldwell,8
recovered,8
unconscious,8
dublin,8
opera,8
theater,8
tommie,8
threatening,8
wood,8
throwing,8
cook,8
cousin,8
jamestown,8
mining,8
barnes,8
browder,8
mcdaniel,8
tutt,8
cartwright,8
shefly,8
blue,7
cowan,7
quite,7
rumor,7
wretch,7
majority,7
edge,7
conducted,7
surrendered,7
della,7
connected,7
intention,7
identification,7
accompanied,7
sure,7
consisted,7
gate,7
outer,7
paper,7
thoroughly,7
undertaker,7
questioning,7
charges,7
official,7
key,7
denied,7
absence,7
clarence,7
mother,7
terror,7
intended,7
towards,7
usual,7
different,7
low,7
hotel,7
situation,7
sixty,7
care,7
sentiment,7
gives,7
various,7
parts,7
wade,7
securely,7
hear,7
piece,7
lost,7
mary,7
appeals,7
willson,7
comes,7
rapist,7
nolan,7
yellow,7
hat,7
talked,7
send,7
laid,7
heat,7
disperse,7
inflicted,7
faces,7
surprise,7
situated,7
appearance,7
stout,7
considerable,7
agony,7
things,7
undertaking,7
gentleman,7
outskirts,7
beyond,7
mask,7
added,7
entering,7
considered,7
route,7
heart,7
brief,7
fallen,7
gathering,7
god,7
dollars,7
conditions,7
civilization,7
prevails,7
shall,7
bringing,7
ears,7
regarded,7
prosecution,7
cowardly,7
association,7
lawless,7
surrounding,7
mine,7
highway,7
beat,7
driving,7
grant,7
popular,7
parker,7
warrant,7
swore,7
charging,7
afraid,7
mr,7
weapons,7
delay,7
pulliam,7
windows,7
ray,7
goff,7
severely,7
petty,7
dynamiting,7
hopson,7
speedy,7
move,7
dying,7
london,7
whipped,7
gus,7
wm,7
webster,7
visit,7
dangerously,7
mute,7
marry,7
warfield,7
entirely,7
hopkins,7
enquirer,7
ill,7
womack,7
quinn,7
richmond,7
hornsby,7
murray,7
curious,6
neighboring,6
obtained,6
shotguns,6
strange,6
yes,6
anxious,6
headed,6
plead,6
anybody,6
hangs,6
carriage,6
stock,6
feels,6
bitter,6
showed,6
arch,6
character,6
unlocked,6
beech,6
automobile,6
garnett,6
clear,6
tall,6
locks,6
victims,6
settlement,6
either,6
theory,6
latest,6
danger,6
groups,6
houses,6
idea,6
sworn,6
orders,6
lamp,6
locked,6
guarded,6
look,6
anyone,6
lot,6
closed,6
firearms,6
sold,6
regulators,6
sensation,6
deep,6
ensued,6
begging,6
sons,6
hustled,6
halted,6
pointed,6
rock,6
try,6
august,6
cases,6
estimated,6
completely,6
breaking,6
sleeping,6
entreaties,6
whatever,6
realized,6
fought,6
page,6
december,6
october,6
wires,6
previous,6
headquarters,6
notice,6
otherwise,6
hurt,6
fall,6
pants,6
boston,6
description,6
calling,6
grew,6
mayor,6
ed,6
unfortunate,6
instant,6
forward,6
rest,6
pleading,6
horror,6
row,6
formerly,6
holes,6
touched,6
deceased,6
certainly,6
highly,6
expecting,6
interest,6
market,6
sutton,6
suddenly,6
suit,6
weeds,6
pieces,6
aside,6
poured,6
pain,6
treatment,6
enter,6
regret,6
human,6
bishop,6
merely,6
probable,6
walking,6
participated,6
absolutely,6
weak,6
drawn,6
circus,6
coat,6
quarrel,6
lodge,6
society,6
arose,6
dastardly,6
heavily,6
jesse,6
identify,6
b,6
weapon,6
admitted,6
spirit,6
inquiry,6
elkton,6
moore,6
mrs,6
joined,6
clarksville,6
pray,6
hills,6
mind,6
infuriated,6
cells,6
plea,6
troubles,6
fourth,6
using,6
district,6
civil,6
abel,6
davis,6
glenn,6
undoubtedly,6
spread,6
harper,6
till,6
arson,6
earth,6
criminally,6
strangers,6
capturing,6
sixteen,6
accomplished,6
roadside,6
knife,6
grainger,6
barbourville,6
poole,6
whipping,6
campbellsville,6
columbia,6
acquitted,6
shoes,6
camp,6
log,6
double,6
particulars,6
assassinated,6
declaring,6
cooper,6
slayers,6
mccreary,6
viney,6
bays,6
barefooted,6
hillside,6
lena,6
mamie,6
dunbar,6
hidden,6
goldworthy,6
logan,6
barry,6
implicated,6
divorce,6
strog,6
tiptonville,6
walton,6
secure,5
assembled,5
military,5
free,5
entrance,5
slowly,5
everybody,5
existence,5
residing,5
seeing,5
institute,5
sentenced,5
soul,5
rendered,5
laffoon,5
forcibly,5
c,5
longer,5
fellow,5
developed,5
else,5
blacks,5
sudden,5
bell,5
bright,5
owens,5
hall,5
president,5
winchesters,5
talking,5
apparent,5
holding,5
preparations,5
feel,5
instructions,5
trains,5
kinds,5
telegraph,5
message,5
gotten,5
speak,5
firm,5
kendall,5
straight,5
screaming,5
respected,5
lifted,5
searchers,5
eugene,5
arrangements,5
scarcely,5
score,5
wretches,5
watch,5
sense,5
filed,5
crossing,5
dash,5
water,5
screamed,5
blow,5
darkness,5
planned,5
approach,5
physician,5
relative,5
reach,5
saved,5
detectives,5
whereabouts,5
jump,5
choked,5
advance,5
causing,5
fever,5
striking,5
fishback,5
unprovoked,5
gilbert,5
wholly,5
subsided,5
claim,5
arousing,5
duties,5
ghastly,5
honest,5
swollen,5
hay,5
matters,5
employ,5
showing,5
thousand,5
sapling,5
frenzied,5
fiendish,5
lighted,5
dreadful,5
civilized,5
single,5
harbeson,5
apprehension,5
hurriedly,5
population,5
mental,5
air,5
securing,5
meted,5
doings,5
shocked,5
representative,5
throat,5
picked,5
granted,5
dick,5
born,5
plain,5
jersey,5
stands,5
earlier,5
waited,5
capture,5
punish,5
chance,5
honor,5
express,5
simply,5
floor,5
freely,5
process,5
brave,5
remove,5
lower,5
jailed,5
telephoned,5
bradley,5
testimony,5
conspiracy,5
removal,5
claims,5
leonard,5
structure,5
ap,5
whitesburg,5
virginia,5
deaton,5
chain,5
lock,5
protested,5
guthrie,5
hitchcock,5
neither,5
coach,5
flemingsburg,5
truth,5
kentuckians,5
shown,5
personal,5
respectfully,5
alarmed,5
distant,5
desperado,5
mike,5
fred,5
swisher,5
owned,5
livery,5
breast,5
pass,5
swearing,5
sympathy,5
perpetrated,5
assailants,5
widow,5
influence,5
sufficient,5
ellis,5
park,5
related,5
cost,5
join,5
appear,5
graves,5
nearby,5
foul,5
burly,5
committing,5
conduct,5
mulatto,5
calls,5
disgrace,5
baby,5
ree,5
hawesville,5
prayed,5
eternity,5
excited,5
aunt,5
stayed,5
daughters,5
simms,5
command,5
ky,5
bombing,5
merchant,5
ruby,5
wick,5
await,5
inoffensive,5
grown,5
destroyed,5
blackened,5
warren,5
boyd,5
eleven,5
ruley,5
respectable,5
winlock,5
dismounted,5
tenn,5
lon,5
chester,5
shocking,5
guarding,5
fratus,5
golden,5
pond,5
drinking,5
clew,5
bystander,5
greenville,5
mclean,5
raiders,5
denies,5
afterwards,5
parks,5
ramsey,5
greasy,5
persuaded,5
bumpass,5
phillips,5
gordon,5
bowman,5
levin,5
chattanooga,5
evansville,5
sterling,5
apgar,5
paramour,5
procter,5
scoggins,5
lick,4
revolting,4
myers,4
alert,4
accomplish,4
parley,4
blows,4
spectators,4
perfect,4
slip,4
anger,4
ravished,4
swiftly,4
attend,4
transferred,4
blocks,4
ladies,4
reid,4
questioned,4
participants,4
acting,4
perry,4
adopted,4
miner,4
corridor,4
hastily,4
bearing,4
scattered,4
empaneled,4
demonstration,4
occupants,4
trembling,4
knot,4
explained,4
patrol,4
prevailed,4
noticed,4
ring,4
places,4
demonstrations,4
sky,4
appointed,4
lawyer,4
sending,4
smoke,4
baptist,4
college,4
placing,4
stores,4
furnished,4
quarter,4
electric,4
figure,4
army,4
halt,4
lord,4
unwilling,4
consult,4
bloody,4
assist,4
communication,4
extremely,4
tells,4
submit,4
impression,4
particularly,4
somewhat,4
worse,4
directions,4
reading,4
vehicles,4
suppose,4
wait,4
extreme,4
occupied,4
courts,4
chesapeake,4
expect,4
mistook,4
murdering,4
rough,4
dragging,4
hiding,4
drowned,4
bears,4
track,4
girder,4
grewsome,4
motion,4
engineer,4
residents,4
cars,4
lynchings,4
convicted,4
mobs,4
harry,4
upstairs,4
release,4
mass,4
spent,4
thus,4
hollow,4
described,4
worn,4
shirt,4
assistance,4
vehicle,4
complete,4
similar,4
partially,4
alley,4
clair,4
possession,4
induced,4
additional,4
besides,4
ball,4
retribution,4
harm,4
substantially,4
inquired,4
thrust,4
proposed,4
progress,4
affected,4
conveyed,4
conclusion,4
razor,4
pretty,4
visiting,4
sister,4
sorry,4
disposition,4
timber,4
lead,4
spectacle,4
conceal,4
indeed,4
reaching,4
assisted,4
intent,4
unusually,4
jerked,4
suffering,4
pinioned,4
oil,4
class,4
largely,4
attended,4
becoming,4
regard,4
bore,4
ought,4
step,4
famous,4
silent,4
spring,4
capital,4
bert,4
kansas,4
howe,4
showman,4
culprit,4
ended,4
employes,4
dazed,4
precarious,4
weindel,4
obeyed,4
cried,4
sat,4
anticipated,4
pocket,4
silently,4
drunk,4
improbable,4
penick,4
table,4
denouncing,4
perpetrators,4
julian,4
citizenship,4
agree,4
nave,4
tomorrow,4
dressing,4
start,4
porter,4
testified,4
satisfied,4
cumberland,4
unmasked,4
allow,4
summary,4
physical,4
protest,4
battered,4
roof,4
jointly,4
todd,4
shoots,4
floyd,4
angry,4
preliminary,4
dispatches,4
n,4
incident,4
dealt,4
criminals,4
swaying,4
speech,4
robbed,4
belonged,4
beating,4
text,4
disturbance,4
visitors,4
complied,4
terrified,4
disorder,4
scenes,4
terrors,4
turpin,4
hardly,4
switzer,4
malone,4
drop,4
final,4
offers,4
henley,4
vigorous,4
published,4
buntyn,4
outlaws,4
object,4
pushing,4
hon,4
ballard,4
whereupon,4
priest,4
due,4
promised,4
supper,4
vain,4
numbered,4
sooner,4
dawn,4
critical,4
mystery,4
overtook,4
imprisoned,4
written,4
post,4
confess,4
louis,4
legs,4
fast,4
scoundrel,4
bushrod,4
fearful,4
arrive,4
staid,4
heaven,4
means,4
mays,4
outrageous,4
agent,4
blast,4
bonds,4
proposal,4
wadlington,4
laurel,4
wealthy,4
subject,4
explosion,4
ruins,4
month,4
american,4
departure,4
dice,4
belongs,4
families,4
dress,4
obey,4
corn,4
cutting,4
aboard,4
grass,4
regular,4
fit,4
harmless,4
regretted,4
characters,4
acts,4
hence,4
calhoun,4
shreds,4
overcome,4
lockup,4
squad,4
minister,4
arrests,4
beasley,4
cruel,4
failing,4
sarvers,4
red,4
bailey,4
detailed,4
brutally,4
united,4
moonlight,4
previously,4
acknowledged,4
bruised,4
insinuating,4
daily,4
mean,4
brick,4
bricks,4
quarrelsome,4
easy,4
rice,4
rhea,4
vigorously,4
tipple,4
element,4
holland,4
perforated,4
merritt,4
appears,4
understand,4
riding,4
gather,4
secluded,4
looped,4
heinous,4
intercepted,4
club,4
dense,4
hounds,4
ninety,4
thickets,4
spare,4
rifle,4
procured,4
bumpus,4
aug,4
assassins,4
pursuing,4
geo,4
disappeared,4
complicity,4
tramps,4
group,4
secreted,4
fuqua,4
unsolved,4
alfred,4
slain,4
mckee,4
despite,4
moses,4
trenton,4
snapped,4
fireplace,4
chimney,4
dink,4
suburbs,4
maple,4
molly,4
stanton,4
avenged,3
nicholas,3
acted,3
organize,3
effective,3
ends,3
disarmed,3
sledge,3
forth,3
points,3
demand,3
managed,3
wishes,3
baffled,3
student,3
braden,3
reinforced,3
please,3
raid,3
imprisonment,3
manslaughter,3
board,3
terms,3
bare,3
pinned,3
read,3
strangulation,3
youth,3
hazard,3
approximately,3
consciousness,3
knuckles,3
combs,3
molested,3
convinced,3
machines,3
printer,3
jimbo,3
assistants,3
dwelling,3
sledges,3
dressed,3
including,3
skull,3
imminent,3
retaliation,3
vague,3
mainly,3
wrought,3
concerned,3
measures,3
increased,3
stay,3
sleep,3
department,3
stripping,3
extinguished,3
incendiaries,3
rang,3
sharp,3
thick,3
protecting,3
musket,3
conversation,3
lancaster,3
consultation,3
bloodshed,3
responsible,3
superintendent,3
rate,3
false,3
asking,3
circulated,3
carefully,3
fine,3
bought,3
worth,3
surprised,3
eye,3
locust,3
series,3
limits,3
inevitable,3
jarvis,3
accidental,3
wall,3
fifth,3
slack,3
believing,3
improper,3
relations,3
insist,3
bottom,3
stream,3
careful,3
knock,3
slammed,3
loudly,3
edward,3
spokesman,3
inner,3
shout,3
bars,3
trailed,3
fusillade,3
piteously,3
hope,3
catch,3
vacant,3
girders,3
beaten,3
mistress,3
detaining,3
institution,3
adjoining,3
occurrence,3
participation,3
bennett,3
patrolman,3
heels,3
ordering,3
pounding,3
officially,3
operation,3
injury,3
chased,3
devil,3
messenger,3
concluded,3
stating,3
doubtless,3
revealed,3
evident,3
numbering,3
seconds,3
makes,3
fearfully,3
reckless,3
examined,3
seem,3
earnest,3
successfully,3
worthy,3
gruesome,3
mission,3
passerby,3
clothed,3
sort,3
cord,3
gray,3
signed,3
widely,3
position,3
physicians,3
rising,3
natural,3
example,3
degree,3
services,3
principal,3
meets,3
snatched,3
ropes,3
oldest,3
atrocious,3
perrine,3
wired,3
stricken,3
hostile,3
moving,3
blocked,3
onto,3
crossed,3
nature,3
moments,3
match,3
covering,3
lips,3
stirred,3
coals,3
throw,3
tears,3
response,3
occasion,3
knives,3
fingers,3
pockets,3
teeth,3
watched,3
treated,3
political,3
ugly,3
knows,3
trusted,3
employe,3
bleeding,3
directed,3
chickens,3
roused,3
indict,3
advice,3
honorable,3
denounce,3
favorable,3
tho,3
recognition,3
eminent,3
deadly,3
familiar,3
bold,3
republican,3
newspaper,3
conclusive,3
overpower,3
string,3
shows,3
exhibited,3
intimation,3
committee,3
followers,3
produced,3
rescued,3
fierce,3
elks,3
cared,3
hit,3
operated,3
injuries,3
offering,3
wish,3
arresting,3
excuse,3
uphold,3
knowledge,3
climb,3
goods,3
discharge,3
top,3
sick,3
results,3
disorderly,3
needed,3
male,3
consisting,3
soldier,3
liable,3
therefore,3
ira,3
referred,3
workers,3
homer,3
game,3
intersection,3
subdued,3
marks,3
mark,3
rob,3
mulcahy,3
ways,3
porch,3
nuckols,3
deny,3
seay,3
questions,3
defended,3
proclamation,3
petition,3
reinstatement,3
perform,3
requesting,3
oath,3
event,3
reinstate,3
jenkins,3
mountain,3
foreman,3
faced,3
sawed,3
heretofore,3
tore,3
gap,3
slaughter,3
slayer,3
carry,3
conflicting,3
impossible,3
mysterious,3
source,3
bakery,3
beg,3
mayslick,3
executioners,3
delegation,3
dog,3
wooden,3
box,3
soldiers,3
blown,3
collecting,3
important,3
private,3
rumored,3
remaining,3
consequence,3
commenced,3
gilmore,3
violently,3
king,3
stiff,3
built,3
pursuers,3
overcoat,3
barrel,3
wells,3
higgins,3
unarmed,3
forehead,3
refuge,3
ammunition,3
middleman,3
thorough,3
disposed,3
resisting,3
hoped,3
illinois,3
hitched,3
kuklux,3
owen,3
inmates,3
awoke,3
threat,3
putting,3
disgraced,3
opportunity,3
franklinton,3
peddler,3
bar,3
contempt,3
required,3
eighth,3
privilege,3
priestly,3
boarded,3
address,3
perpetration,3
leaked,3
shut,3
kicked,3
robinson,3
jumped,3
hemp,3
nightfall,3
danville,3
stoutly,3
bardwell,3
cremated,3
bird,3
wickliffe,3
detachment,3
bismarck,3
shouted,3
david,3
handed,3
bands,3
institutions,3
involved,3
prompt,3
threaten,3
leitchfield,3
watchman,3
younger,3
mutterings,3
storm,3
jails,3
moan,3
burst,3
arrives,3
indiana,3
towns,3
exactly,3
hangmen,3
seeming,3
cemetery,3
suspect,3
pleased,3
lulu,3
departed,3
balls,3
fleeing,3
handkerchief,3
fixed,3
crop,3
harold,3
nabb,3
quarreled,3
hunted,3
insulted,3
caledonia,3
indecent,3
accosted,3
wayne,3
wheat,3
commotion,3
farris,3
virgil,3
apple,3
apprehend,3
receiving,3
grocery,3
violation,3
klan,3
strength,3
feud,3
instrument,3
intelligence,3
jensonton,3
barns,3
lawrence,3
lifeless,3
lookout,3
sycamore,3
query,3
determination,3
lit,3
countenance,3
tear,3
prosperous,3
rather,3
favor,3
teens,3
residences,3
depredations,3
convict,3
enemies,3
hogs,3
melodramatic,3
stage,3
per,3
orchestra,3
seats,3
prices,3
indoors,3
sale,3
fame,3
happening,3
poolroom,3
democrat,3
speed,3
resided,3
brewing,3
foully,3
actions,3
recognizing,3
pierced,3
resulting,3
summarily,3
tennie,3
endeavoring,3
orphan,3
telegram,3
grove,3
reputable,3
doomed,3
simpson,3
taylorsville,3
buckshot,3
inquirer,3
raping,3
frequently,3
scantily,3
fo,3
barboursville,3
amount,3
nation,3
obtain,3
couple,3
reign,3
packer,3
accompany,3
withdrew,3
worthless,3
principles,3
handful,3
brains,3
forgery,3
bud,3
confederating,3
roark,3
nightriders,3
liquor,3
especial,3
talks,3
landed,3
scared,3
turning,3
credit,3
spirited,3
indications,3
strongly,3
battle,3
arriving,3
praying,3
hack,3
barely,3
horribly,3
braeme,3
easily,3
book,3
ripple,3
lonely,3
bravely,3
myrtle,3
vice,3
ceased,3
railing,3
vigil,3
hastened,3
missed,3
shock,3
hodgkin,3
beginning,3
courage,3
gained,3
rein,3
lover,3
incensed,3
bills,3
practically,3
papers,3
opposed,3
assaults,3
hi,3
backed,3
russel,3
dogs,3
grandfather,3
stationed,3
notify,3
unexpected,3
hugh,3
ephraim,3
broad,3
attributed,3
trouillas,3
middle,3
unionists,3
prospect,3
range,3
mule,3
region,3
health,3
attorneys,3
lander,3
disfigured,3
cunningham,3
notorious,3
feb,3
ambushers,3
sweetheart,3
fannie,3
gallion,3
hubbard,3
ambushed,3
effects,3
sedan,3
painted,3
license,3
tag,3
sensational,3
wiley,3
mcdaniels,3
prince,3
mcguire,3
faithless,3
widower,3
intimacy,3
instituted,3
responded,3
knoxville,3
alma,3
animal,3
burrus,3
chat,3
boone,3
kenyon,3
casey,3
anna,2
deputized,2
properly,2
plainly,2
batter,2
prey,2
implements,2
shattered,2
hauled,2
looks,2
betrayed,2
undergoing,2
precision,2
morbid,2
onlookers,2
proceeding,2
ward,2
riddling,2
clutches,2
adjusted,2
howling,2
hazards,2
anguish,2
agreed,2
concealment,2
lynches,2
delia,2
christman,2
notable,2
misses,2
nearing,2
applauded,2
harlan,2
loading,2
elizabethtown,2
represented,2
gateway,2
assembly,2
kiser,2
swing,2
slugging,2
rex,2
telegrams,2
supporting,2
knott,2
regained,2
noticing,2
magistrate,2
presided,2
trestle,2
foregoing,2
accessory,2
sole,2
policemen,2
corridors,2
conference,2
shelby,2
stones,2
accepted,2
midst,2
unharmed,2
rose,2
pitch,2
corners,2
afloat,2
intelligent,2
sullen,2
imposed,2
fail,2
offenders,2
offenses,2
arranged,2
notes,2
draw,2
payne,2
huge,2
straw,2
bates,2
hardware,2
patrolling,2
patrols,2
barrels,2
sentinels,2
slouching,2
shadow,2
trees,2
tones,2
elijah,2
french,2
harmed,2
mistake,2
exciting,2
flying,2
peaceful,2
comparison,2
organization,2
kendalls,2
trestles,2
especially,2
elkhorn,2
malcontents,2
government,2
enroute,2
dealer,2
inquiries,2
ending,2
reed,2
avail,2
milton,2
voices,2
remembered,2
montgomery,2
assured,2
unnecessary,2
missing,2
breaks,2
trace,2
variously,2
numerous,2
bruises,2
subjected,2
bullock,2
hole,2
weary,2
ernest,2
muzzles,2
seizing,2
closet,2
picks,2
hammers,2
seventeen,2
possibly,2
realizing,2
happen,2
meant,2
eminence,2
stillness,2
borne,2
shouting,2
flash,2
altogether,2
seventh,2
thirsty,2
inch,2
locating,2
drags,2
waking,2
coley,2
rubin,2
engines,2
current,2
busy,2
colony,2
adds,2
gaines,2
buck,2
statements,2
wrong,2
dangled,2
nights,2
remarkable,2
perpetrator,2
ravine,2
derby,2
striped,2
dinner,2
accordingly,2
depended,2
expose,2
argued,2
absent,2
burs,2
successful,2
overhead,2
shipp,2
occurs,2
mutilating,2
unjustifiable,2
surely,2
thoughtless,2
allayed,2
probability,2
endeavor,2
congregated,2
reposed,2
significant,2
span,2
lodging,2
alas,2
career,2
hinges,2
intimidated,2
companions,2
comment,2
laying,2
dread,2
rain,2
shower,2
circles,2
hideous,2
shapes,2
complexion,2
slow,2
torture,2
lawn,2
interment,2
hesitation,2
jefferson,2
accomplice,2
fresh,2
minds,2
sun,2
understood,2
nobody,2
vicious,2
wallace,2
virtues,2
subjecting,2
disguise,2
tortured,2
mingled,2
cities,2
accounted,2
testify,2
churches,2
consensus,2
apprised,2
prepare,2
dreaded,2
handcuffed,2
sit,2
roberson,2
curiosity,2
paused,2
limestone,2
savage,2
mood,2
furious,2
roared,2
somewhere,2
representing,2
center,2
wrapped,2
tight,2
yelled,2
ties,2
vitriol,2
nose,2
pepper,2
commission,2
higher,2
momentoes,2
toes,2
relic,2
deserved,2
adjourned,2
deplored,2
active,2
annals,2
benefactress,2
stopping,2
ax,2
repeatedly,2
insisted,2
confidence,2
culminated,2
futile,2
newell,2
avowed,2
expression,2
seated,2
hostility,2
kindly,2
masters,2
miserable,2
selected,2
memory,2
beside,2
repulsive,2
elapsed,2
devils,2
forces,2
invoked,2
rescue,2
slave,2
plantation,2
humble,2
creature,2
perished,2
wise,2
scholar,2
justification,2
ordinary,2
moral,2
puts,2
footsteps,2
methods,2
riddles,2
director,2
directors,2
speedily,2
column,2
signs,2
tale,2
veal,2
donlan,2
showmen,2
tent,2
maxie,2
abdomen,2
denounces,2
profess,2
denounced,2
journal,2
wished,2
preceded,2
authority,2
applied,2
prosecuting,2
wicked,2
lest,2
reflection,2
graham,2
beam,2
permit,2
loose,2
lowered,2
shoe,2
confusion,2
thefts,2
telegraphed,2
improvement,2
ministers,2
decisive,2
vote,2
whereas,2
hazelrigg,2
postponement,2
chairman,2
fails,2
blackjack,2
whiskey,2
failure,2
loaded,2
wrested,2
sufficiently,2
cottonwood,2
apprehended,2
themurder,2
themidway,2
thewoodford,2
schoberth,2
harriss,2
appointment,2
aided,2
proceeds,2
federal,2
voted,2
twelfth,2
dismissed,2
unfit,2
bourbon,2
asthe,2
occasionally,2
file,2
neglected,2
jan,2
platform,2
letcher,2
corporation,2
circle,2
opening,2
motorcade,2
fess,2
powerless,2
shelter,2
aiming,2
axes,2
pound,2
primus,2
veteran,2
convened,2
bringhurst,2
earlington,2
recover,2
america,2
paintsville,2
marching,2
wayland,2
hammer,2
en,2
prestonburg,2
theft,2
printed,2
issue,2
l,2
millersburg,2
etc,2
lockett,2
legislature,2
advantage,2
occasions,2
sins,2
pair,2
descending,2
companion,2
survived,2
murchison,2
eighty,2
turn,2
attitude,2
investigations,2
hinted,2
change,2
direct,2
fault,2
represents,2
loss,2
subsequent,2
requests,2
avers,2
fix,2
representatives,2
rioting,2
wearing,2
aspect,2
obtaining,2
election,2
grim,2
displayed,2
bewildered,2
rule,2
split,2
clifton,2
lately,2
cornfield,2
designs,2
bay,2
accusing,2
literally,2
everyone,2
kills,2
slightly,2
greater,2
feed,2
habit,2
injure,2
milkman,2
crossroads,2
max,2
goes,2
summit,2
brodt,2
pressed,2
damn,2
damage,2
investigated,2
approved,2
saloons,2
extra,2
attacking,2
native,2
elsewhere,2
ruffians,2
arise,2
disappointed,2
rooms,2
respective,2
diabolical,2
prosecute,2
trust,2
vindicated,2
newcastle,2
fashion,2
dennis,2
pulpit,2
lambert,2
addressed,2
permission,2
speaks,2
winter,2
question,2
preceding,2
violated,2
quell,2
capacity,2
preserve,2
attacks,2
sabbath,2
willow,2
banks,2
aware,2
grayson,2
gibson,2
need,2
promise,2
slipped,2
pete,2
handkerchiefs,2
scream,2
hellish,2
neighborhoods,2
lawrenceburg,2
patch,2
sitting,2
therefrom,2
tarpin,2
placard,2
sober,2
bury,2
sisters,2
outraging,2
resolved,2
cry,2
alton,2
poplar,2
deliver,2
quieted,2
compromise,2
stripped,2
hips,2
massacre,2
wickedness,2
larger,2
inhuman,2
mortal,2
outgrowth,2
intimidation,2
roads,2
vigilant,2
inflamed,2
buggies,2
docket,2
raymond,2
sway,2
feuds,2
politics,2
communicated,2
fro,2
motive,2
roberts,2
rockport,2
ind,2
drunken,2
pleasure,2
helped,2
bent,2
wives,2
seeking,2
cloverport,2
prevailing,2
jeans,2
sweets,2
thinks,2
aimed,2
coffin,2
exodus,2
negros,2
atchison,2
hot,2
necks,2
curtis,2
speeded,2
blackburn,2
paul,2
mail,2
pee,2
dee,2
mcreynolds,2
mitchellsville,2
mobbing,2
kentuckian,2
curt,2
refuse,2
writer,2
condemned,2
owner,2
based,2
enmity,2
divided,2
incurred,2
height,2
proprietor,2
daybreak,2
teacher,2
col,2
intervals,2
matches,2
enabled,2
blunt,2
testifies,2
disreputable,2
whitecaps,2
thrashing,2
blot,2
barrett,2
contained,2
soaked,2
hurry,2
lanes,2
food,2
cold,2
inches,2
resting,2
unpleasant,2
sorrow,2
fellows,2
cleared,2
staying,2
intoxicated,2
heads,2
deserve,2
consumed,2
existed,2
reliable,2
heath,2
cattle,2
emptying,2
gallery,2
inferno,2
streamed,2
distinction,2
nevertheless,2
highest,2
becomes,2
dramatic,2
stablet,2
stormed,2
beeler,2
kearby,2
peaceable,2
quest,2
offender,2
remley,2
ability,2
christians,2
eat,2
proof,2
council,2
cursed,2
hardee,2
adversary,2
maskers,2
pure,2
clue,2
expert,2
ruly,2
reticent,2
offensive,2
lashed,2
nelson,2
turnpike,2
overtaken,2
classes,2
lesson,2
culprits,2
capt,2
brilliant,2
wes,2
jas,2
wheeler,2
blewett,2
utter,2
perfectly,2
cool,2
smoking,2
exception,2
summon,2
gagged,2
receive,2
wa,2
bushes,2
litchfield,2
strings,2
verified,2
avenge,2
bee,2
morgan,2
bush,2
fairly,2
sign,2
tone,2
upheld,2
laws,2
opposition,2
occur,2
settle,2
bosom,2
beautiful,2
whenever,2
preferred,2
swings,2
sheep,2
picture,2
date,2
frighten,2
succeed,2
impaneled,2
untouched,2
rivers,2
servants,2
hip,2
prizing,2
canton,2
commanded,2
galloped,2
lingered,2
calaboose,2
cursing,2
hitting,2
rocks,2
drawing,2
disturbed,2
detection,2
willingness,2
emergency,2
gets,2
serve,2
banding,2
hays,2
arthur,2
mohundro,2
purposes,2
hunter,2
wealth,2
existing,2
mentioned,2
oscar,2
butler,2
rochester,2
declares,2
island,2
advised,2
cover,2
reasons,2
narrow,2
proclaimed,2
works,2
common,2
provided,2
courageous,2
circumstantial,2
nov,2
restored,2
abated,2
outcry,2
universal,2
referring,2
finger,2
estimable,2
pounced,2
namelessly,2
secret,2
meetings,2
utterances,2
endeavored,2
ot,2
davie,2
nervous,2
rev,2
wrung,2
villain,2
struggled,2
pounds,2
grandmother,2
betsy,2
youngest,2
bath,2
garden,2
vegetables,2
actually,2
piteous,2
sank,2
completed,2
preparing,2
nearest,2
scouring,2
remanded,2
survive,2
dignity,2
denunciation,2
strongest,2
principals,2
premises,2
convenient,2
hitching,2
extinct,2
delicate,2
justified,2
deering,2
hitch,2
schroeter,2
coghill,2
surety,2
alexander,2
mcclean,2
deeply,2
congratulated,2
quicker,2
conveyance,2
herald,2
drive,2
faster,2
prostrated,2
conveying,2
trip,2
confesses,2
sings,2
hymn,2
looping,2
min,2
sing,2
songs,2
sang,2
jesus,2
singing,2
exact,2
savior,2
continues,2
olivet,2
hustonville,2
clok,2
visibly,2
scent,2
wamock,2
eluding,2
ahead,2
fugitive,2
sano,2
exhaustion,2
notwithstanding,2
messages,2
overland,2
pretense,2
elemr,2
crouched,2
parentage,2
eluded,2
rowlett,2
obdurate,2
cave,2
courier,2
esquire,2
rawlett,2
cows,2
mashed,2
rested,2
manfordville,2
disturb,2
stubborn,2
mangled,2
inquost,2
accordance,2
hired,2
colbert,2
trouillias,2
eating,2
avenging,2
noonan,2
mississippi,2
sept,2
topsy,2
assassin,2
thigh,2
flesh,2
operators,2
gooch,2
belt,2
cartridges,2
agitators,2
allensworth,2
wildest,2
splendid,2
intrepid,2
fearless,2
peril,2
cansler,2
shed,2
marked,2
anticipate,2
starting,2
severed,2
abe,2
rutland,2
corroborated,2
gunshot,2
barton,2
masonic,2
foxport,2
pickets,2
morris,2
serving,2
butt,2
boyer,2
riley,2
bullitt,2
shepherdsville,2
depraved,2
jeffersonville,2
stolen,2
resides,2
traced,2
passage,2
attending,2
tragedies,2
ambuscade,2
travelers,2
protected,2
hovering,2
soothe,2
posses,2
chances,2
mixed,2
blunder,2
spared,2
ambushing,2
drummers,2
persistent,2
recorded,2
substantial,2
burchell,2
abandon,2
garrard,2
killers,2
langdon,2
oakley,2
oakey,2
forwarded,2
defendants,2
resume,2
guardsmen,2
crowded,2
frederick,2
thos,2
counsel,2
retained,2
sides,2
adairsville,2
participating,2
republic,2
manager,2
falsely,2
expired,2
witt,2
reads,2
corpses,2
pleadings,2
prayers,2
deliberation,2
scandalized,2
homestead,2
admittance,2
darkened,2
clad,2
unprotected,2
sobbed,2
ruffian,2
unavailing,2
shrieks,2
torturers,2
reel,2
plunge,2
headlong,2
protector,2
scorched,2
charred,2
hair,2
beaver,2
adultery,2
infidelity,2
frantic,2
infatuation,2
dangerous,2
burdett,2
robbers,2
thieves,2
hawkins,2
uttering,2
storming,2
mere,2
youths,2
finish,2
occasioned,2
tame,2
compared,2
avoid,2
border,2
waylaid,2
heel,2
dyersburg,2
mollie,2
fears,2
abithah,2
drink,2
landing,2
shanty,2
trade,2
florence,2
theodore,2
conner,2
mare,2
blandville,2
hogg,2
lucas,1
interchanged,1
masten,1
escort,1
licks,1
tower,1
commands,1
access,1
obstructions,1
blacksmith,1
shops,1
wielded,1
sturdy,1
demolish,1
boast,1
glass,1
silence,1
piper,1
flacked,1
wended,1
scramble,1
vantage,1
detail,1
consistent,1
cordon,1
bungling,1
hodgenville,1
holeshodgenville,1
silas,1
esters,1
granville,1
unnameable,1
upton,1
systematically,1
ignorance,1
composing,1
stairs,1
crazed,1
topmost,1
earnestly,1
victimnicholasville,1
add,1
increasing,1
daytime,1
deference,1
punished,1
doubly,1
closely,1
bastile,1
larue,1
dan,1
hewett,1
nall,1
teller,1
deposit,1
thin,1
underclothing,1
stolidly,1
refrained,1
impanneled,1
flooded,1
demanding,1
mum,1
unanimously,1
cornett,1
graveyard,1
possee,1
scatter,1
alex,1
swarming,1
aroun,1
dthe,1
troy,1
punched,1
al,1
lright,1
roughed,1
cornered,1
mcintosh,1
pursue,1
approaching,1
stragglers,1
everidge,1
gangling,1
stoned,1
journeyman,1
perkins,1
adjourning,1
combinations,1
cage,1
effecting,1
cringing,1
delegates,1
sentinel,1
path,1
annie,1
bucktown,1
pelted,1
reigns,1
demoralized,1
interests,1
begins,1
color,1
reaction,1
discussing,1
demeanor,1
realization,1
uneasiness,1
constantly,1
inhabitants,1
retaliatory,1
unreasoning,1
distinctions,1
signal,1
uprising,1
engine,1
merchants,1
readiness,1
troubled,1
ruddy,1
glow,1
illuminated,1
paine,1
pealed,1
alarming,1
wakeful,1
rick,1
volumes,1
flame,1
firemen,1
pauline,1
dormitory,1
kerosene,1
basement,1
hamilton,1
pouring,1
prized,1
arming,1
watchword,1
reflected,1
glistening,1
beats,1
fires,1
posts,1
sidewalk,1
lamplight,1
dim,1
outline,1
neared,1
distinctness,1
sah,1
doin,1
nothin,1
demented,1
floated,1
clouded,1
brain,1
unloaded,1
drowsy,1
suppressed,1
pervaded,1
sinister,1
races,1
waiter,1
boss,1
characteristic,1
asks,1
unwise,1
perfected,1
efficiency,1
justly,1
events,1
jarvises,1
battlefield,1
peaks,1
mill,1
exceed,1
exercised,1
applies,1
rife,1
patrolled,1
echoes,1
sells,1
interviewed,1
buying,1
sell,1
oh,1
books,1
remember,1
rucker,1
spotted,1
mischief,1
provoked,1
furnishes,1
protests,1
coincidence,1
fleeting,1
feature,1
poking,1
cautiously,1
bass,1
protesting,1
mildly,1
expostulation,1
host,1
louder,1
potent,1
oral,1
arguments,1
coveted,1
tops,1
noisy,1
nickel,1
quited,1
ease,1
scare,1
carriages,1
stamping,1
interesting,1
outsider,1
magnified,1
bit,1
choice,1
knotted,1
hollored,1
adventure,1
tenant,1
blew,1
overpowers,1
drag,1
triple,1
reveal,1
trails,1
hoodlums,1
beveled,1
spiriting,1
contusions,1
handling,1
tramp,1
tracy,1
dump,1
gruff,1
cue,1
waste,1
resounding,1
deafening,1
jiffy,1
din,1
stronghold,1
strain,1
abject,1
bunches,1
aggregation,1
desultory,1
cracks,1
vouched,1
murmur,1
listening,1
wondering,1
simultaneously,1
vivid,1
flashes,1
noises,1
spanned,1
corrode,1
shore,1
severing,1
bunna,1
gardener,1
bessie,1
entertainment,1
stinging,1
recaptured,1
lighter,1
omer,1
suter,1
switch,1
supplying,1
possibility,1
formidable,1
array,1
patrolmen,1
fawkes,1
hailed,1
signals,1
prescribe,1
patient,1
marvelous,1
recounted,1
grasp,1
pays,1
martin,1
choateville,1
marketing,1
grey,1
scratches,1
forenoon,1
parrent,1
cautioning,1
tooth,1
gum,1
bleed,1
desisting,1
plentifully,1
substantiating,1
undertake,1
armstong,1
catfish,1
crowbars,1
fastenings,1
beams,1
tobin,1
dehoney,1
whatsoever,1
unlike,1
biding,1
probed,1
noticeable,1
knots,1
fraught,1
significance,1
indication,1
guise,1
unthinkingly,1
noteworthy,1
extracted,1
unconcerned,1
reside,1
solicited,1
yagel,1
unsuspecting,1
guardian,1
future,1
caution,1
discrimination,1
unprepared,1
similarly,1
dismayed,1
needless,1
experienced,1
incarcerated,1
surprising,1
grimly,1
accent,1
stepping,1
unceremoniously,1
unresisting,1
worst,1
conspirators,1
hubbub,1
consequently,1
wet,1
gently,1
breeze,1
separates,1
roadway,1
fruit,1
eerie,1
saturated,1
clung,1
swarthy,1
shroud,1
regulation,1
regulator,1
size,1
bulging,1
sockets,1
tongue,1
protruded,1
originally,1
dull,1
shade,1
suffocation,1
kemmler,1
surpassed,1
naturally,1
eternal,1
fitness,1
welled,1
parrish,1
newton,1
scearce,1
nathaniel,1
hackett,1
ascertained,1
foregone,1
crimeshort,1
deaththe,1
haman,1
readers,1
compromising,1
womandenied,1
intercoursewhatever,1
diminished,1
midwayhow,1
surpriseat,1
thingsthe,1
preparedfor,1
undertones,1
overwhelmed,1
grief,1
disliked,1
hadhenderson,1
employand,1
vindictive,1
combative,1
mcallister,1
disproving,1
funeraloccured,1
preached,1
elder,1
broadhurst,1
feelingly,1
healed,1
lasted,1
roasted,1
uptown,1
indian,1
warfare,1
parallel,1
exclamations,1
approbation,1
sickened,1
cricket,1
barbarities,1
consideration,1
constituted,1
lines,1
assurance,1
paralyzed,1
fitzgerald,1
fooled,1
swarm,1
everywhere,1
travel,1
movement,1
folly,1
tumultuous,1
jostled,1
clamored,1
hapless,1
fists,1
prodded,1
sticks,1
pounded,1
clutching,1
helplessly,1
crush,1
commonplace,1
pause,1
conferred,1
tossing,1
impatient,1
seething,1
echoed,1
mad,1
eagerly,1
suited,1
multitude,1
accord,1
roundhouse,1
mostly,1
breeches,1
strip,1
runners,1
armload,1
hint,1
stumps,1
piled,1
apply,1
brushed,1
gazed,1
satisfaction,1
bottle,1
cayenne,1
wriggled,1
shoved,1
bodily,1
collapsed,1
logs,1
stoked,1
steamboat,1
boiler,1
smeared,1
leapt,1
exclaim,1
relate,1
buttons,1
twigs,1
stowed,1
keepsakes,1
mutilation,1
sickening,1
behold,1
squire,1
jacob,1
seekers,1
introduced,1
eyewitnesses,1
adjournsjudge,1
blameless,1
shedding,1
inspired,1
crimethe,1
depravity,1
savagery,1
equaled,1
installed,1
servant,1
implicitly,1
groaning,1
remorse,1
calmly,1
washed,1
spots,1
confessionsthat,1
partial,1
incarceration,1
feelings,1
appealed,1
impanel,1
bracken,1
timely,1
attribute,1
christendom,1
slavery,1
indulgent,1
fathers,1
grandfathers,1
multiple,1
reeking,1
kindness,1
childhood,1
deliberately,1
type,1
suggestion,1
dishonor,1
slaves,1
plexus,1
monster,1
classified,1
branch,1
incarnate,1
consume,1
expended,1
measured,1
monsters,1
lechery,1
masquerading,1
skins,1
sympathies,1
consecrated,1
traditions,1
inscribed,1
caucasian,1
calendar,1
martyrs,1
saints,1
spite,1
adverse,1
fortune,1
thwart,1
inborn,1
inclinations,1
conspicuous,1
respects,1
villainous,1
gravel,1
pit,1
indisputable,1
wisdom,1
boldly,1
pulpits,1
firesides,1
schoolrooms,1
laborers,1
loafers,1
booker,1
ideal,1
wallers,1
instructed,1
unwisely,1
ignorant,1
sensitive,1
unreflecting,1
basis,1
education,1
harvard,1
professor,1
universally,1
science,1
schooled,1
scholarly,1
politician,1
addressing,1
autumn,1
simple,1
culture,1
fertility,1
soil,1
ubiquitous,1
cheerfully,1
acknowledge,1
coleridge,1
british,1
correct,1
defects,1
administration,1
rude,1
equity,1
convincing,1
clears,1
atmosphere,1
walk,1
loneliest,1
casuist,1
caviller,1
unconvinced,1
degraded,1
defective,1
distributed,1
quantities,1
purchasers,1
snivelling,1
sympathizers,1
daring,1
viaduct,1
glare,1
suspecting,1
signaling,1
shorten,1
determinedly,1
intervention,1
malcolm,1
assassinate,1
wichita,1
ripping,1
penetrating,1
surgeons,1
elk,1
application,1
wakes,1
affray,1
control,1
authorized,1
speaking,1
certainty,1
encourage,1
extort,1
custom,1
subjects,1
views,1
entitled,1
dry,1
narrowly,1
flow,1
ankle,1
ranged,1
upward,1
lyman,1
cognizant,1
maxaw,1
shop,1
superstructure,1
inert,1
moaning,1
feebly,1
sugestion,1
lined,1
real,1
presumed,1
clinging,1
dispersal,1
untied,1
basket,1
mingling,1
abutment,1
jeffer,1
cot,1
undressed,1
joining,1
pick,1
penetrate,1
intestinal,1
cavity,1
valdosta,1
tabled,1
objective,1
wording,1
episcopal,1
confederate,1
missionary,1
africa,1
desire,1
conniving,1
thereby,1
loyal,1
bloodless,1
defend,1
accusation,1
betterment,1
righteousness,1
disclaim,1
pronounce,1
sham,1
brings,1
phraseology,1
changed,1
suggesting,1
suggest,1
emphatic,1
commissions,1
unqualified,1
condemnation,1
admit,1
resolutions,1
uplift,1
avert,1
classed,1
condoning,1
approving,1
seconded,1
owing,1
deciding,1
heroic,1
senseless,1
machine,1
frankford,1
pikes,1
defending,1
hames,1
mihgt,1
prevalent,1
fist,1
tumble,1
crosses,1
beck,1
base,1
chew,1
strangling,1
brower,1
nog,1
margaret,1
rogers,1
removes,1
appointsmrs,1
jurya,1
thecounty,1
andhanged,1
midwayturnpike,1
frankfortturnpike,1
knocks,1
thedoor,1
trousers,1
gown,1
tothe,1
andthat,1
andwant,1
giveup,1
remonstrate,1
himhelpless,1
histrousers,1
jammed,1
ofthe,1
themob,1
untilthey,1
theside,1
outand,1
draggedjames,1
stairway,1
sheriffhawkins,1
dawson,1
attorneyw,1
jailand,1
theprocession,1
anumber,1
thenorth,1
midwaypike,1
distress,1
aresupposed,1
uttered,1
isbut,1
johnhenderson,1
wastaken,1
wasburied,1
agrand,1
thelynching,1
smithreturned,1
deathin,1
inthe,1
prosecutionby,1
judgea,1
cox,1
eves,1
chapman,1
curd,1
stevenhartley,1
sublette,1
whiskeythieves,1
jamesgrappled,1
handaround,1
bothmen,1
hisspine,1
histestimony,1
ownership,1
bulletin,1
corresponded,1
negrothe,1
rodger,1
werepowder,1
deniedthat,1
claiming,1
thetragedy,1
attemptingto,1
samuel,1
bottling,1
thedistillery,1
andother,1
stealwhiskey,1
warehouse,1
dispose,1
dividing,1
emphatically,1
headmitted,1
presenttime,1
inconnection,1
attorneybradley,1
commonwealthand,1
butthe,1
lifeimprisonment,1
immovable,1
biblewas,1
hadmisunderstood,1
hequalified,1
outfor,1
muchfeeling,1
mistrial,1
tohave,1
issuedan,1
andjudge,1
underappointment,1
fromfurther,1
stoutgranted,1
commentparis,1
ofcitizens,1
shirks,1
thecourts,1
forjury,1
spiritoccasionally,1
delivering,1
thegrand,1
histime,1
hehas,1
defensehas,1
ifthe,1
juries,1
upfit,1
toserve,1
demonstrated,1
whena,1
thepresence,1
juror,1
unfortunateincident,1
count,1
headline,1
whichprovides,1
officerwho,1
permits,1
bya,1
removing,1
provides,1
thatafter,1
theopinion,1
toprotect,1
theofficer,1
thenthe,1
reinstatementof,1
thearrest,1
andaddressed,1
letters,1
andcounty,1
makea,1
toascertain,1
ofthese,1
ofcircuit,1
thatthe,1
anauthority,1
conceded,1
fill,1
vacancy,1
theremoval,1
ofoffice,1
penal,1
edwards,1
tohold,1
willhold,1
remainder,1
mcleod,1
tofrankfort,1
ahearing,1
asjailer,1
nextwednesday,1
notification,1
soaring,1
signaled,1
hershel,1
erected,1
dedication,1
ceremonies,1
gasoline,1
throng,1
whittaker,1
intruders,1
unmolested,1
ride,1
policy,1
dismissal,1
unauthorized,1
invading,1
noah,1
bentley,1
estimates,1
authoritatively,1
whitaker,1
reynolds,1
withstood,1
ladder,1
hacksaws,1
susan,1
armstrong,1
emory,1
staged,1
neon,1
investigating,1
macbell,1
disclosed,1
arrasting,1
nergo,1
stomach,1
ife,1
bride,1
scheduled,1
sail,1
france,1
weakly,1
reputed,1
drills,1
kid,1
mortally,1
fussilade,1
clews,1
purchase,1
moonshine,1
whisky,1
debate,1
musician,1
sources,1
handcuffs,1
belonging,1
link,1
package,1
ridiculous,1
stories,1
regarding,1
mountaineers,1
misinformation,1
lack,1
teachers,1
definite,1
enactment,1
requiring,1
inoperative,1
responsibility,1
allowing,1
regrettable,1
wind,1
borders,1
admitting,1
combined,1
forgiven,1
personally,1
climbers,1
linemen,1
hoisted,1
muttering,1
forgive,1
tightened,1
shutting,1
opposite,1
baying,1
descriptions,1
batters,1
charlie,1
uncle,1
bother,1
swayne,1
touch,1
bunk,1
surging,1
refusing,1
battering,1
piling,1
proceed,1
enclosed,1
clippings,1
ferret,1
unintelligable,1
boycotted,1
advancement,1
avenue,1
receipt,1
mthe,1
neglect,1
orally,1
desires,1
interrogated,1
elections,1
closing,1
polls,1
scuffle,1
interfered,1
seventy,1
boulders,1
paraded,1
master,1
rioters,1
appearing,1
pfieffer,1
quitted,1
pfiefferd,1
turbulent,1
kings,1
shape,1
visages,1
veil,1
visor,1
gaze,1
beholders,1
forms,1
obnoxious,1
methodist,1
preacher,1
congregation,1
worship,1
cheese,1
factory,1
dictator,1
elected,1
deputation,1
constituting,1
taste,1
delegations,1
rs,1
errand,1
flock,1
drill,1
chapel,1
stratum,1
variety,1
pliant,1
tool,1
crafty,1
redd,1
defying,1
inflicting,1
milk,1
halls,1
augmented,1
lasting,1
slattery,1
team,1
stole,1
grierson,1
ripley,1
felony,1
accident,1
sander,1
hallway,1
wrest,1
burns,1
chin,1
borrows,1
borrow,1
flourished,1
rusty,1
disuse,1
retreat,1
ducked,1
contents,1
shell,1
howard,1
harover,1
coughlin,1
doubled,1
heading,1
lewisburg,1
restaurant,1
cheek,1
interior,1
chest,1
duly,1
pust,1
stode,1
javier,1
blevins,1
rohmiller,1
buckley,1
cloesd,1
lust,1
whetted,1
lauded,1
brock,1
shipman,1
thornhill,1
encircled,1
haunts,1
betaken,1
exploits,1
yeomen,1
fourteen,1
cousins,1
littlepage,1
lie,1
prying,1
beds,1
apartments,1
language,1
scoundrels,1
affidavits,1
subsequently,1
writs,1
proposes,1
defenseless,1
effectual,1
operations,1
excellently,1
stigma,1
remissness,1
major,1
justify,1
protestations,1
treelouisville,1
horsemen,1
joel,1
oak,1
italian,1
fracturing,1
lamber,1
fined,1
costs,1
copy,1
judicial,1
advisers,1
documentary,1
bland,1
reverend,1
catholic,1
declining,1
deem,1
determine,1
irish,1
mediating,1
irishmen,1
besought,1
lend,1
perceived,1
macklin,1
judgement,1
dissuade,1
contemplated,1
consented,1
exhonerate,1
deposing,1
volunteer,1
behalf,1
com,1
disbands,1
kate,1
pleads,1
husky,1
delivered,1
ringing,1
maybe,1
alva,1
downstairs,1
exacted,1
reminded,1
biggs,1
klee,1
stewart,1
aaron,1
locket,1
sommers,1
vickers,1
elam,1
dicey,1
disband,1
stationhouse,1
souvenirs,1
disbanded,1
hats,1
katie,1
female,1
bookkeeper,1
elm,1
befriended,1
breath,1
ripped,1
plant,1
umbrella,1
muff,1
scarf,1
pin,1
sets,1
surround,1
enticed,1
pretext,1
choking,1
insensibility,1
eastern,1
retherford,1
avenstoke,1
wildfire,1
tenth,1
supplied,1
crawled,1
rail,1
gotton,1
foolish,1
johnstonville,1
perryville,1
dies,1
sims,1
delaney,1
coolness,1
pronounced,1
boisterous,1
dictated,1
signature,1
folks,1
pursuance,1
missouri,1
overwhelming,1
unhappy,1
standstill,1
hudson,1
yelling,1
detour,1
clamber,1
clamoring,1
indifference,1
heap,1
timbers,1
facing,1
expectation,1
wept,1
shackled,1
imploring,1
grows,1
deprive,1
rings,1
jewel,1
barracks,1
de,1
sota,1
piedmont,1
bluffs,1
hoxie,1
jonesboro,1
freight,1
maldon,1
sikeston,1
interrupted,1
sake,1
descended,1
inflammable,1
materials,1
lingering,1
manoney,1
shouts,1
heeded,1
hooked,1
crossarm,1
forked,1
stick,1
millers,1
wipe,1
hereby,1
falling,1
fiends,1
clasped,1
humanity,1
revelation,1
incredibly,1
brutality,1
cowardice,1
multiplies,1
cowardliness,1
fold,1
basest,1
wickedest,1
conceived,1
stain,1
logical,1
toleration,1
districts,1
salvation,1
rise,1
mercilessly,1
proscription,1
wherever,1
dare,1
assemble,1
stern,1
rides,1
shame,1
augustus,1
hearers,1
siezed,1
wake,1
repaired,1
fragmentary,1
rumblings,1
forecast,1
youngers,1
mcgruder,1
sue,1
mundy,1
davison,1
colter,1
clouds,1
winds,1
responsibilities,1
lifetime,1
dared,1
spies,1
ear,1
plot,1
lovers,1
leap,1
commanding,1
hurrying,1
deceived,1
older,1
meeker,1
scheme,1
suspense,1
indescribable,1
benjamin,1
hancock,1
pulling,1
records,1
anywhere,1
valleys,1
solemn,1
vow,1
watching,1
blames,1
regiment,1
saving,1
blight,1
stranger,1
totter,1
twirled,1
bless,1
souvenis,1
simmstown,1
catlett,1
cowering,1
stubbornly,1
thrice,1
treats,1
dastard,1
jos,1
discharging,1
promiscuously,1
collar,1
damned,1
unlocking,1
card,1
nameless,1
cora,1
vannert,1
sonoro,1
nolin,1
oaths,1
ta,1
hey,1
brandenburg,1
secretly,1
locate,1
mopped,1
perspiration,1
brow,1
calico,1
vannort,1
sid,1
gates,1
ticket,1
transportation,1
raids,1
bastille,1
gibbetprinceton,1
playing,1
tying,1
acquiesced,1
mild,1
trustee,1
addition,1
owning,1
wallce,1
tabor,1
teh,1
proposition,1
monte,1
barber,1
radius,1
arthurt,1
brame,1
gracey,1
promptness,1
trifling,1
rapists,1
gallatin,1
threshing,1
upvirgil,1
overcame,1
flocked,1
condemning,1
lumberman,1
grays,1
staff,1
bureau,1
pertaining,1
plans,1
millard,1
crutches,1
disputed,1
fanned,1
unusual,1
shortening,1
original,1
petilpool,1
sharply,1
moonshiners,1
bootleggers,1
award,1
convicting,1
liberties,1
participant,1
instructing,1
smithland,1
mattle,1
prefaced,1
dynamiter,1
autos,1
strained,1
fractured,1
wrecked,1
dynamite,1
blowing,1
setting,1
speeding,1
sided,1
florida,1
swear,1
ella,1
bjailer,1
cracked,1
informing,1
average,1
prisioner,1
stabs,1
neatly,1
persisted,1
deeds,1
doubtful,1
deserts,1
illicit,1
thurman,1
slashed,1
agentjail,1
poleman,1
conditionapparently,1
cable,1
mears,1
shupe,1
greenfield,1
royan,1
trespassing,1
doctor,1
resumed,1
temporary,1
delirious,1
rallied,1
positive,1
indentification,1
continually,1
delirium,1
telltale,1
attached,1
grip,1
stained,1
orleans,1
mattoon,1
slumbers,1
summons,1
lighting,1
invited,1
wants,1
balckford,1
prints,1
dust,1
season,1
plow,1
diameter,1
zion,1
detailing,1
emotions,1
um,1
lip,1
quivered,1
finished,1
hate,1
dam,1
mistrust,1
uneasy,1
jeff,1
breakfast,1
blackford,1
resident,1
energy,1
drinker,1
rarely,1
confiding,1
shiftless,1
humor,1
offended,1
modest,1
reference,1
pictured,1
shake,1
guess,1
surmises,1
unsatisfactory,1
occurring,1
harassed,1
tormented,1
stacks,1
discuss,1
chargeable,1
miscreants,1
untimely,1
prominently,1
arsons,1
keeper,1
interview,1
provisioned,1
endure,1
siege,1
arrange,1
armistice,1
farming,1
household,1
proposing,1
ambassador,1
patching,1
truce,1
ransacked,1
nowhere,1
shrewd,1
thrifty,1
yoke,1
oxen,1
wagons,1
uncomfortable,1
unlawful,1
audience,1
privileges,1
realism,1
fills,1
freeman,1
slumber,1
sweet,1
obscurity,1
distinguished,1
uncertain,1
spectacular,1
outdone,1
builded,1
mimicry,1
mirrored,1
mockery,1
mocked,1
outruns,1
fiction,1
forgotten,1
illustration,1
deplorable,1
established,1
dream,1
cessation,1
happenings,1
backset,1
complacent,1
riotous,1
lamentable,1
gunshots,1
tradegy,1
inception,1
menacing,1
aback,1
evading,1
ruse,1
tricked,1
rafter,1
footlights,1
scenery,1
shifted,1
background,1
alibi,1
ably,1
roney,1
compliments,1
writes,1
publish,1
laden,1
candle,1
plenty,1
clash,1
excites,1
grady,1
condemn,1
solid,1
abused,1
abusing,1
madetwo,1
colors,1
sermon,1
suspects,1
outcome,1
carpenter,1
declare,1
seriousness,1
spoken,1
curs,1
arkansas,1
senate,1
onea,1
checks,1
african,1
personality,1
visitation,1
spend,1
skeggs,1
inst,1
insinnating,1
timmie,1
mclane,1
bliston,1
schroeder,1
eve,1
imbibed,1
fiendishly,1
unintelligible,1
hypothesis,1
availed,1
appease,1
infernal,1
appetite,1
difference,1
alighted,1
instantaneous,1
pedestrians,1
insolently,1
sangfroid,1
aggravating,1
ominous,1
whisperings,1
casual,1
observer,1
divine,1
heartsick,1
delays,1
total,1
immunity,1
teach,1
jurisprudence,1
unawares,1
coolest,1
meadow,1
declined,1
twinkling,1
affrighted,1
relocked,1
dumbfounded,1
custodian,1
fronting,1
briggs,1
stealthy,1
skies,1
cloudless,1
masqueraders,1
whence,1
whither,1
jerry,1
induce,1
unbosom,1
circumstance,1
burnings,1
incredulous,1
pal,1
denying,1
adding,1
smile,1
complaint,1
limbs,1
mitchellville,1
trainmen,1
thunder,1
crawdord,1
springing,1
affirm,1
incomplete,1
savaged,1
sections,1
unlawfully,1
fools,1
spencer,1
formal,1
channels,1
attach,1
desperately,1
ashley,1
vividly,1
unidentified,1
leitchfieldleitchfield,1
annison,1
woodland,1
design,1
comprised,1
vile,1
pairlouisville,1
trio,1
knox,1
kidnapped,1
lida,1
kidnaped,1
nude,1
hysterics,1
equilibrium,1
circulation,1
jellico,1
marshes,1
bayes,1
bawling,1
tillie,1
helps,1
instance,1
casualties,1
globe,1
outracing,1
marrying,1
outrager,1
menaces,1
dear,1
disrespectful,1
standard,1
standards,1
reproduced,1
cheaper,1
domain,1
awakening,1
conscience,1
stir,1
strike,1
appreciation,1
thundering,1
iniquitous,1
mobile,1
minded,1
supremacy,1
rebellion,1
puny,1
underrate,1
abatement,1
conclude,1
potency,1
intellectual,1
beggars,1
educated,1
unwillingness,1
inferiorilly,1
endowed,1
difficult,1
erradicate,1
modern,1
tis,1
million,1
pessimism,1
optimism,1
juncture,1
cents,1
equation,1
quantity,1
respect,1
quad,1
erat,1
demonstrandum,1
misdemeanors,1
denominations,1
prerogative,1
tribunal,1
province,1
mete,1
commensurate,1
framed,1
cognizance,1
malefactor,1
specified,1
penalties,1
english,1
defends,1
trys,1
acquits,1
recognizes,1
blinded,1
goddess,1
weighs,1
balances,1
alike,1
experiment,1
submitting,1
rules,1
regulations,1
fancy,1
irregularities,1
winked,1
standpoint,1
odd,1
liked,1
whited,1
sepulcher,1
perpetual,1
detestation,1
cuba,1
libre,1
delena,1
est,1
yell,1
armenia,1
christ,1
hell,1
joyful,1
refrain,1
sultan,1
turkey,1
share,1
scoring,1
mounts,1
skeptical,1
land,1
superstitious,1
religious,1
beliefs,1
keeps,1
multiplying,1
causes,1
amply,1
weakness,1
republics,1
offices,1
maltreatment,1
behest,1
approval,1
regardless,1
mandates,1
proven,1
ruthlessly,1
crimeless,1
proprieties,1
peculiar,1
length,1
breadth,1
inoculated,1
venomous,1
synonym,1
millions,1
abiding,1
rascally,1
irregular,1
takings,1
proving,1
prescribed,1
combat,1
substance,1
roll,1
expire,1
amid,1
crackling,1
voluminous,1
ascends,1
shambles,1
babe,1
letting,1
asoult,1
len,1
parleying,1
grumb,1
untill,1
sightseers,1
bruce,1
decoyed,1
hiram,1
hedge,1
randing,1
downward,1
writhing,1
relieved,1
impudent,1
independent,1
blind,1
tiger,1
breach,1
spt,1
loafer,1
flights,1
cit,1
cautioned,1
misbehavior,1
cane,1
knees,1
marhsal,1
muslin,1
load,1
indicate,1
zolla,1
hanna,1
bu,1
offence,1
terrorizing,1
urged,1
engage,1
deemed,1
exaggerated,1
kingstonm,1
unless,1
submitted,1
advisement,1
reform,1
dalton,1
claude,1
orville,1
phelps,1
larceny,1
dennison,1
chris,1
malicious,1
intimidating,1
underwook,1
grundy,1
paxton,1
snyder,1
frundy,1
pedro,1
lovelaceville,1
muhlembery,1
muhundro,1
disregarded,1
january,1
bench,1
occupy,1
prosecuted,1
mineral,1
retarded,1
development,1
grandy,1
prolific,1
illegal,1
depoyster,1
craig,1
harbin,1
padgett,1
newman,1
decoursey,1
wiggins,1
kimmell,1
hindrance,1
climax,1
daniels,1
activities,1
invaded,1
resorted,1
idle,1
nightrider,1
scores,1
curb,1
sweeping,1
rewards,1
aggregating,1
duplicated,1
assert,1
excitable,1
asserts,1
varied,1
believes,1
approaches,1
unwavering,1
impressed,1
directly,1
possesses,1
variation,1
strippers,1
alieep,1
firelight,1
countrymen,1
mccracken,1
willard,1
smiling,1
coolly,1
usher,1
escaping,1
monitor,1
requirements,1
considers,1
brazen,1
disturbers,1
louisviillk,1
november,1
pitched,1
passengers,1
dive,1
wholesale,1
beer,1
boaz,1
toe,1
rights,1
plunged,1
listen,1
aggravated,1
southeast,1
leisurely,1
bible,1
clamorous,1
peedee,1
cme,1
giffey,1
northeast,1
generously,1
supposition,1
era,1
boddie,1
wold,1
foster,1
fainted,1
conciousness,1
prostration,1
returns,1
animus,1
turmoil,1
ineffectual,1
amongst,1
garrett,1
amd,1
voiced,1
sentiments,1
merry,1
proposals,1
rejected,1
depart,1
wealthiest,1
foulest,1
griffet,1
weight,1
moustache,1
hereunder,1
ezekiel,1
farther,1
raising,1
sundown,1
struggling,1
burley,1
exhausted,1
loosened,1
pretended,1
acquiesce,1
emptied,1
andry,1
desist,1
impelled,1
explanation,1
bloods,1
elapse,1
develops,1
lots,1
consolation,1
cannelton,1
settled,1
wholesome,1
decent,1
ashamed,1
informs,1
approximate,1
incendiarism,1
doused,1
glim,1
adorned,1
whoop,1
muddy,1
distressing,1
noosed,1
twine,1
tie,1
misgivings,1
numbers,1
kets,1
fly,1
poorly,1
programme,1
awkwardness,1
stretching,1
trusses,1
plunktum,1
creating,1
clipped,1
skin,1
bark,1
stringing,1
extensive,1
elkins,1
kitchen,1
churning,1
waist,1
lounge,1
undergarment,1
strengthen,1
advising,1
unwarranted,1
assertions,1
realize,1
dimensions,1
chivalry,1
judges,1
magnitude,1
interviews,1
wide,1
publication,1
individual,1
sunset,1
promises,1
betsey,1
farce,1
spur,1
straps,1
buckled,1
coloreed,1
slat,1
vexed,1
slothfulness,1
motley,1
crows,1
header,1
examine,1
wronged,1
predicted,1
demonstrate,1
accountable,1
wil,1
division,1
captain,1
trained,1
retire,1
inadequate,1
listened,1
murmured,1
negative,1
audible,1
sea,1
weed,1
burried,1
lunched,1
topic,1
discussion,1
digger,1
cart,1
bowen,1
leather,1
silk,1
snapp,1
visible,1
oddfellow,1
lean,1
birkhead,1
separately,1
floating,1
studio,1
jessie,1
photographer,1
thornsberry,1
cecil,1
fielden,1
colburn,1
dabner,1
gephart,1
leslie,1
haney,1
accessories,1
blanket,1
coeil,1
defied,1
fugitives,1
enforcements,1
thunderbolt,1
pitiful,1
weeping,1
loved,1
ones,1
heartrending,1
erase,1
unsafe,1
behaved,1
powelll,1
drown,1
graduate,1
attractive,1
identifying,1
peel,1
worlds,1
admits,1
hourse,1
yeard,1
snow,1
iss,1
dashed,1
nefro,1
bradem,1
clearly,1
pale,1
lyncned,1
sevanty,1
lhe,1
pocketbook,1
assail,1
lizzie,1
pratcher,1
troullias,1
georgia,1
epidemic,1
profane,1
minute,1
meanness,1
breathe,1
easier,1
hewlett,1
howton,1
beatty,1
steffy,1
exists,1
nebo,1
cyprian,1
stronger,1
jordan,1
meh,1
noonon,1
dixie,1
star,1
drowns,1
throws,1
york,1
skiff,1
rowed,1
overboard,1
tuck,1
ringgold,1
fisherman,1
drowning,1
peaceably,1
workfive,1
arrestindignation,1
palace,1
contest,1
allied,1
tearing,1
bone,1
idlers,1
companies,1
survey,1
preparatory,1
shift,1
embankment,1
horseman,1
lent,1
mounty,1
gallop,1
scattering,1
grazing,1
bridle,1
reins,1
alight,1
evidences,1
footprints,1
stumbled,1
rejoin,1
traveled,1
nortonville,1
scoured,1
leveled,1
deckards,1
philippine,1
operator,1
restore,1
stamp,1
favorably,1
bravery,1
tested,1
devoted,1
widespread,1
success,1
complaints,1
relation,1
starts,1
smoothly,1
camps,1
knight,1
mannington,1
reduced,1
releasing,1
everett,1
jennings,1
southall,1
yost,1
duffy,1
client,1
flat,1
possemen,1
robt,1
escorting,1
reinforcements,1
chas,1
borrowed,1
bayless,1
probabilities,1
mushroom,1
knee,1
artery,1
spreading,1
unhurt,1
bled,1
newcomb,1
dulin,1
philips,1
dickard,1
scabbard,1
nash,1
honors,1
hopewell,1
efficient,1
hated,1
ths,1
hesitated,1
bereaved,1
chalkley,1
smaller,1
asa,1
honolulu,1
dresent,1
arouse,1
difficultly,1
worsted,1
mobhanged,1
rendering,1
considerably,1
features,1
contended,1
precaution,1
laxity,1
afford,1
support,1
influential,1
invades,1
russellvillehangs,1
trivial,1
rufus,1
dispute,1
wages,1
keysburg,1
conspiring,1
estice,1
schools,1
connell,1
matt,1
barbee,1
virigil,1
duke,1
lousiville,1
stabbed,1
provoke,1
yielded,1
thank,1
binding,1
flagrant,1
refusal,1
forrest,1
pittsburgh,1
disowned,1
infancy,1
tramping,1
persistently,1
fixes,1
blame,1
lashes,1
holds,1
connections,1
petros,1
confirms,1
designated,1
fives,1
insult,1
proves,1
untrue,1
exceedingly,1
decision,1
tina,1
handsome,1
forthwith,1
walters,1
ferment,1
nerly,1
extinguish,1
bayonet,1
scaffold,1
launched,1
bobs,1
serenely,1
role,1
drama,1
resolute,1
untarnished,1
admired,1
favorite,1
social,1
tragical,1
boldest,1
frequented,1
untitled,1
sina,1
roped,1
passion,1
seers,1
saturay,1
van,1
epitome,1
persued,1
recruited,1
establish,1
gib,1
automatic,1
thumb,1
trigger,1
walls,1
watson,1
implicate,1
thai,1
misdeameanor,1
scrape,1
sleeps,1
overtake,1
negroe,1
corporate,1
fun,1
mistaking,1
sanitarium,1
mosested,1
exhibit,1
livingston,1
childress,1
precipitated,1
indirect,1
traveler,1
labored,1
quartette,1
verge,1
intercepting,1
painfully,1
hoping,1
learning,1
flung,1
stab,1
clatter,1
hoofs,1
submission,1
trotting,1
dispatched,1
nursing,1
mistaken,1
test,1
delivery,1
laconically,1
tales,1
nicholasviler,1
emma,1
jassamine,1
nichollasville,1
necktie,1
wormack,1
repeat,1
wille,1
censure,1
understanding,1
discarded,1
howerer,1
cyrus,1
treat,1
richer,1
happy,1
blamed,1
allegedly,1
harland,1
ted,1
marcum,1
constables,1
affirmed,1
venue,1
alleging,1
appellate,1
commissioner,1
creal,1
prejudice,1
motor,1
plate,1
quin,1
abandoned,1
berea,1
inquisitorial,1
curbing,1
loads,1
sped,1
communicate,1
sheriffs,1
lane,1
bige,1
hardigee,1
isom,1
whizzed,1
bence,1
enlist,1
enlisted,1
daniel,1
tomobile,1
frosted,1
incendiary,1
origin,1
balter,1
nephew,1
cupp,1
lowis,1
prosecutions,1
allon,1
activating,1
manning,1
tyner,1
groceryman,1
lyttle,1
cash,1
stocks,1
arisen,1
cns,1
ffive,1
twon,1
leat,1
concurrence,1
cited,1
jurist,1
initial,1
describe,1
executive,1
opposes,1
provision,1
quoted,1
landson,1
recommendation,1
argue,1
area,1
southeastern,1
thru,1
meanwhile,1
assigned,1
factional,1
differences,1
prewitt,1
precautionary,1
measure,1
recessed,1
site,1
poisoning,1
deaths,1
procure,1
hickory,1
sprouts,1
writhin,1
twisting,1
fe,1
wanting,1
despondent,1
signified,1
convening,1
flouring,1
mills,1
misdoings,1
unearthing,1
unbounded,1
sensations,1
freed,1
drives,1
banner,1
mysteriously,1
carroll,1
bootlegging,1
convince,1
transcriptiontitle,1
lynchedbut,1
tribune,1
sumner,1
lynchedvirgil,1
touching,1
packed,1
perjured,1
jurors,1
resort,1
plan,1
lincoln,1
instances,1
holy,1
scriptures,1
whosoever,1
sheddeth,1
truly,1
h,1
lds,1
immorality,1
relentless,1
grayhaired,1
vengeful,1
hysterical,1
greeted,1
robe,1
secrecy,1
uncertainty,1
fright,1
exposure,1
recovery,1
semblance,1
frightfully,1
blistered,1
wreaks,1
perishes,1
upper,1
meager,1
self,1
apart,1
withdraw,1
ples,1
justifiable,1
homicide,1
renewed,1
incited,1
fury,1
eyebrows,1
whiskers,1
intimate,1
stack,1
crisp,1
crawl,1
tips,1
surface,1
resembled,1
bereft,1
smoldering,1
permanently,1
creel,1
nooe,1
develop,1
gleaned,1
expense,1
wests,1
domestic,1
habits,1
seldom,1
occasional,1
indulgences,1
steady,1
frequent,1
visitor,1
naming,1
boarding,1
buy,1
poison,1
abode,1
profligacy,1
prompted,1
affords,1
patty,1
profound,1
indicates,1
tributary,1
weatherboarded,1
meat,1
monument,1
reasonably,1
robbery,1
upright,1
dollar,1
lull,1
awhile,1
system,1
thieving,1
extended,1
orchard,1
seed,1
provisions,1
sacrificed,1
indignities,1
imagined,1
compose,1
usually,1
clever,1
accommodating,1
paying,1
debts,1
violent,1
temper,1
premature,1
birth,1
irritated,1
summer,1
plowing,1
ditch,1
susie,1
eldest,1
consumption,1
surviving,1
parrott,1
qualified,1
administrator,1
estate,1
furnish,1
gazette,1
acquainted,1
obtainable,1
inaugural,1
condemns,1
limit,1
barbarous,1
labor,1
perepetrators,1
richly,1
unflinching,1
torch,1
nightrobe,1
pr,1
foundation,1
mcnutt,1
contradicted,1
nihgt,1
chaged,1
grabbing,1
nick,1
kimberlin,1
tomatoes,1
baler,1
coffee,1
ambus,1
striker,1
northern,1
thrill,1
advanced,1
hid,1
garner,1
separated,1
startling,1
discovery,1
agency,1
lore,1
deckard,1
termination,1
anarchy,1
unionize,1
answers,1
planning,1
trample,1
ridden,1
brisk,1
gait,1
intend,1
telephoning,1
barreled,1
wits,1
withers,1
cedar,1
plank,1
prop,1
sustain,1
undergarments,1
wire,1
attends,1
rediculous,1
evanville,1
picturing,1
cowboys,1
sombreros,1
clubs,1
robes,1
defences,1
roosevelt,1
morro,1
castle,1
scaring,1
postponed,1
tired,1
offieers,1
rushing,1
art,1
quel,1
adairbille,1
ail,1
russellsville,1
proctors,1
comrades,1
poker,1
requisition,1
safer,1
shipped,1
glad,1
rid,1
repulsed,1
aram,1
pope,1
burr,1
toto,1
unsavory,1
simulated,1
fits,1
sory,1
destination,1
propose,1
whispered,1
flown,1
memphis,1
burris,1
expiates,1
lake,1
reelfoot,1
picking,1
berries,1
coppen,1
bluff,1
tossed,1
minus,1
corlew,1
crown,1
overtaking,1
mable,1
sweating,1
devilment,1
render,1
prostitute,1
version,1
gunning,1
presumably,1
tough,1
beth,1
maude,1
killings,1
faction,1
formalities,1
fatalities,1
crump,1
rows,1
abuse,1
quarrelled,1
fighting,1
antagonist,1
saloon,1
angrily,1
foreseen,1
molest,1
hide,1
lively,1
tax,1
remote,1
undesirable,1
mourning,1
abitahl,1
helping,1
ab,1
cup,1
forgot,1
maud,1
jameson,1
engendered,1
adherents,1
factions,1
cin,1
apr,1
diligent,1
diedrick,1
construction,1
hangeron,1
laborer,1
railroads,1
goss,1
inmate,1
elizabeth,1
sore,1
outcries,1
attracting,1
loathsome,1
embraces,1
interruption,1
entice,1
comply,1
coax,1
shirts,1
sometimes,1
sewing,1
sew,1
outspoken,1
advances,1
outered,1
assertion,1
infant,1
shelly,1
scouting,1
haystack,1
raking,1
uncovered,1
baystack,1
reuben,1
prize,1
littie,1
breasts,1
fendish,1
nominal,1
figures,1
practical,1
quasi,1
admission,1
reckon,1
queried,1
mittimus,1
detention,1
assistant,1
asserted,1
burlington,1
shied,1
muzzle,1
shooter,1
concentrated,1
presenting,1
compliment,1
climate,1
overly,1
healthy,1
norman,1
booth,1
beiler,1
andrew,1
coyle,1
arnold,1
meagre,1
unmarked,1
dicky,1
hardinsurg,1
cario,1
levi,1
accounts,1
coldblooded,1
muder,1
bees,1
beattyville,1
warpath,1
procceded,1
enemy,1
exchange,1
elbow,1
collect,1
infiuriated,1
coloneal,1
drummond,1
sleeves,1
imprudent,1
imprecations,1
leaped,1
space,1
identities,1
formality,1
fireman,1
af,1
locomotive,1
reopened,1
judis,1
thiss,1
whi,1
smothering,1
sad,1
yo,1
chenault,1
interference,1
deapoller,1
weighing,1
prefpormance,1
hasty,1
receives,1
iup,1
planted,1
considering,1
